Category,F1 Score
gender_1,0.5736650824713447
ethnicity_1,0.43287037037037035
fbprivacy_1,0.6536796536796536
gaymarriage_6,0.5714285714285714
engnative_1,0.6437578814627996
pincome_1,0.7754010695187166
"momed_1, daded_1",0.7333333333333334
"momrelig_1, dadrelig_1",0.5726970033296338
