Category,F1 Score
gender_1,0.7156177156177156
ethnicity_1,0.735071488645921
fbprivacy_1,0.6190476190476191
gaymarriage_6,0.7597254004576659
engnative_1,0.6343042071197411
pincome_1,0.7142857142857143
"momed_1, daded_1",0.6079854809437386
"momrelig_1, dadrelig_1",0.6173254835996635
