Category,F1 Score
gender_1,0.7396341463414634
ethnicity_1,0.6938775510204082
fbprivacy_1,0.6536796536796536
gaymarriage_6,0.6666666666666666
engnative_1,0.7022397891963109
pincome_1,0.2631578947368421
"momed_1, daded_1",0.55
"momrelig_1, dadrelig_1",0.7286821705426356
