Category,F1 Score
gender_1,0.7665587282896673
ethnicity_1,0.8097826086956521
fbprivacy_1,0.8056680161943319
gaymarriage_6,0.7136363636363636
engnative_1,0.7497744607561716
pincome_1,0.37777777777777777
"momed_1, daded_1",0.55
"momrelig_1, dadrelig_1",0.7023809523809523
