Category,F1 Score
gender_1,0.5569007263922519
ethnicity_1,0.7619047619047619
fbprivacy_1,0.746031746031746
gaymarriage_6,0.6370370370370371
engnative_1,0.6437578814627996
pincome_1,0.5714285714285714
"momed_1, daded_1",0.6571428571428571
"momrelig_1, dadrelig_1",0.6846846846846847
