Category,F1 Score
gender_1,0.6369047619047619
ethnicity_1,0.6940559440559441
fbprivacy_1,0.5
gaymarriage_6,0.851764705882353
engnative_1,0.6604996837444655
pincome_1,0.641025641025641
"momed_1, daded_1",0.6666666666666666
"momrelig_1, dadrelig_1",0.6577777777777778
