Category,F1 Score
gender_1,0.6462303231151616
ethnicity_1,0.6546052631578947
fbprivacy_1,0.5897435897435898
gaymarriage_6,0.47139588100686497
engnative_1,0.6158807635317702
pincome_1,0.6347826086956522
"momed_1, daded_1",0.6243478260869566
"momrelig_1, dadrelig_1",0.742014742014742
