Category,F1 Score
gender_1,0.553490990990991
ethnicity_1,0.5138888888888888
fbprivacy_1,0.45893719806763283
gaymarriage_6,0.4951923076923077
engnative_1,0.6164653879548504
pincome_1,0.6888888888888889
"momed_1, daded_1",0.8222222222222222
"momrelig_1, dadrelig_1",0.4950055493895672
