Category,F1 Score
gender_1,0.5723711340206186
ethnicity_1,0.36363636363636365
fbprivacy_1,0.6190476190476191
gaymarriage_6,0.6370370370370371
engnative_1,0.71579476861167
pincome_1,1.0
"momed_1, daded_1",0.4197802197802198
"momrelig_1, dadrelig_1",0.6026831785345717
