Category,F1 Score
gender_1,0.5398706896551724
ethnicity_1,0.6236559139784946
fbprivacy_1,0.8117647058823529
gaymarriage_6,0.6636155606407322
engnative_1,0.5839404622013318
pincome_1,0.47593582887700536
"momed_1, daded_1",0.5343915343915344
"momrelig_1, dadrelig_1",0.542483660130719
